Workbook

Sheet KPI계산
A1: 사업계획서 성과지표(KPI) 계산기
A2: 노란 칸에 현재(기준) 값과 목표 값을 넣으면 지표와 개선율이 계산됩니다. 기준값은 추정보다 일정 기간 실제로 측정한 값이 설득력이 높습니다.
A4: 지표 | B4: 입력 항목 | C4: 현재(기준) | D4: 목표 | E4: 단위 | F4: 현재 지표 | G4: 목표 지표 | H4: 개선율
A5: 설비 가동률 | B5: 계획 가동 시간 | C5: 480 | D5: 480 | E5: 분/일 | F5: =(C5-C6)/C5 | G5: =(D5-D6)/D5 | H5: =IFERROR((G5-F5)/F5,0)
B6: 비가동 시간 (고장·셋업·대기) | C6: 150 | D6: 90 | E6: 분/일
A7: OEE 종합설비효율 | B7: 가용률 | C7: 0.69 | D7: 0.81 | E7: 비율 | F7: =C7*C8*C9 | G7: =D7*D8*D9 | H7: =IFERROR((G7-F7)/F7,0)
B8: 성능률 | C8: 0.85 | D8: 0.9 | E8: 비율
B9: 양품률 | C9: 0.96 | D9: 0.98 | E9: 비율
A10: 불량률 | B10: 총 생산 수량 | C10: 10000 | D10: 10000 | E10: 개/월 | F10: =C11/C10 | G10: =D11/D10 | H10: =IFERROR((F10-G10)/F10,0)
B11: 불량 수량 | C11: 400 | D11: 200 | E11: 개/월
A12: 납기 준수율 | B12: 총 납품 건수 | C12: 120 | D12: 120 | E12: 건/월 | F12: =C13/C12 | G12: =D13/D12 | H12: =IFERROR((G12-F12)/F12,0)
B13: 납기 내 납품 건수 | C13: 102 | D13: 114 | E13: 건/월
A14: 제조 리드타임 | B14: 수주~납품 평균 일수 | C14: 14 | D14: 10 | E14: 일 | F14: =C14 | G14: =D14 | H14: =IFERROR((F14-G14)/F14,0)
A15: 인당 생산성 | B15: 월 생산 수량 | C15: 10000 | D15: 11500 | E15: 개/월 | F15: =C15/C16 | G15: =D15/D16 | H15: =IFERROR((G15-F15)/F15,0)
B16: 생산 인원 | C16: 12 | D16: 12 | E16: 명
A17: 에너지 원단위 | B17: 월 전력 사용량 | C17: 42000 | D17: 38000 | E17: kWh | F17: =C17/C18 | G17: =D17/D18 | H17: =IFERROR((F17-G17)/F17,0)
B18: 월 생산 수량 | C18: 10000 | D18: 10000 | E18: 개
A19: 고장 간 평균시간 (MTBF) | B19: 총 가동 시간 | C19: 400 | D19: 400 | E19: 시간/월 | F19: =C19/C20 | G19: =D19/D20 | H19: =IFERROR((G19-F19)/F19,0)
B20: 고장 횟수 | C20: 8 | D20: 4 | E20: 회/월
A22: 개선율: 높을수록 좋은 지표는 (목표-현재)/현재, 낮을수록 좋은 지표(불량률·리드타임·에너지 원단위)는 (현재-목표)/현재로 계산합니다.
A23: ※ 이 서식은 참고용입니다. 지원 자격·제출 서류·기준은 공고문과 운영기관 안내를 우선하세요.
A24: 제조업 지원사업 브리핑 · briefing.nimo.ai.kr · 무료 배포 서식

Sheet 산식설명
A1: 산식설명
A3: 지표별 산식과 측정 요령
A4: 설비 가동률 = (계획 가동 시간 − 비가동 시간) ÷ 계획 가동 시간. 비가동에는 고장, 셋업(준비), 자재 대기 등을 포함하고, 무엇을 넣었는지 계획서에 밝힙니다.
A5: OEE = 가용률 × 성능률 × 양품률. 성능률은 (이론 사이클타임 × 생산 수량) ÷ 실제 가동 시간으로 구합니다.
A6: 불량률 = 불량 수량 ÷ 총 생산 수량. 공정 내 불량과 고객 반품을 나눠 적으면 더 명확합니다.
A7: 납기 준수율 = 납기 내 납품 건수 ÷ 총 납품 건수.
A8: 제조 리드타임 = 수주일부터 납품일까지 평균 일수.
A9: 인당 생산성 = 생산 수량 ÷ 생산 인원 (기간을 같게 맞춥니다).
A10: 에너지 원단위 = 전력 사용량 ÷ 생산 수량.
A11: MTBF(고장 간 평균시간) = 총 가동 시간 ÷ 고장 횟수.
A12: 기준값 잡는 법
A13: · 최소 2~4주 이상 같은 방식으로 측정한 값을 기준값으로 쓰고, 측정 기간과 방법을 계획서에 함께 적습니다.
... A15: · 지표와 산식은 공고문·평가 지침에서 요구하는 형태가 있으면 그것을 따릅니다.

Sheet 차트용
A1: 지표 | B1: 개선율
A2: 설비 가동률 | B2: =KPI계산!H5
A3: OEE 종합설비효율 | B3: =KPI계산!H7
A4: 불량률 | B4: =KPI계산!H10
A5: 납기 준수율 | B5: =KPI계산!H12
A6: 제조 리드타임 | B6: =KPI계산!H14
A7: 인당 생산성 | B7: =KPI계산!H15
A8: 에너지 원단위 | B8: =KPI계산!H17
A9: 고장 간 평균시간 (MTBF) | B9: =KPI계산!H19
